{
  "db": {
    "url": "mongodb+srv://Alejandro:Prueba1@proyectodi-sn0fh.mongodb.net/test?retryWrites=true&w=majority",
    "name": "db",
    "connector": "mongodb"
    
  },
  "storage": {
    "name": "storage",
    "connector": "loopback-component-storage",
    "provider": "filesystem",
    "root": "./files"
  },
  "mail": {
    "name": "Email",
    "connector": "mail",
    "transports": [{
      "type": "SMTP",
      "host": "smtp.gmail.com",
      "secure": true,
      "port": 465,
      "auth": {
        "user": "name@gmail.com",
        "pass": "pass"
      }
    }]
  }
}
