{
  "_meta": {
    "sources": [
      "loopback/common/models",
      "loopback/server/models",
      "../common/models",
      "./models"
    ],
    "mixins": [
      "loopback/common/mixins",
      "loopback/server/mixins",
      "../common/mixins",
      "./mixins"
    ]
  },
  "AccessToken": {
    "dataSource": "db",
    "public": true
  },
  "ACL": {
    "dataSource": "db",
    "public": false
  },
  "RoleMapping": {
    "dataSource": "db",
    "public": false,
    "options": {
      "strictObjectIDCoercion": true
    }
  },
  "Role": {
    "dataSource": "db",
    "public": false
  },
  "noticia": {
    "dataSource": "db",
    "public": true
  },
  "user": {
    "dataSource": "db",
    "public": true
  },
  "image": {
    "dataSource": "storage",
    "public": true,
    "options": {
      
    },
    "Email": {
      "dataSource": "Email"
    }
  }
}
